Class_ID,Name, Sample_Num, Flag, Gender
n000094,"Adriano_Leite_Ribeiro",432,1, m
n000201,"Alberto_Malesani",277,1, m
n000239,"Alessandra_Mussolini",330,1, f
n000269,"Alex_van_Warmerdam",238,1, m
n000322,"Ali_al-Naimi",327,1, m
n000334,"Alicja_Rosolska",262,1, f
n000364,"Alois_Hadamczik",269,1, m
n000483,"Andrea_Bocelli",383,1, m
n000574,"Angela_Rippon",431,1, f
n000586,"Angelo_Mathews",332,1, m
n000587,"Angelo_Scola",429,1, m
n000589,"Angie_Cepeda",393,1, f
n000621,"Anna_Finocchiaro",311,1, f
n000631,"Anna_Meares",337,1, f
n000638,"Anna_Tatangelo",412,1, f
n000639,"Anna-Maria_Zimmermann",380,1, f
n000691,"Anthony_Foxx",322,1, m
n000692,"Anthony_Hopkins",431,1, m
n000709,"Antonio_Banderas",451,1, m
n000715,"Antonio_Conte",476,1, m
n001025,"Bhavana_Menon",535,1, f
n001093,"Bo_Burnham",389,1, m
n001109,"Bob_Marley",314,1, m
n001178,"Brandy_Norwood",537,1, f
n001215,"Brian_Viloria",330,1, m
n001426,"Caroline_Wensink",224,1, f
n001525,"Charles_Rivkin",252,1, m
n001552,"Charlotte_Riley",461,1, f
n001583,"Chloé_Dufour-Lapointe",679,1, f
n001639,"Christian_Prudhomme",449,1, m
n001733,"Claudio_Lotito",419,1, m
n001767,"Cody_Rhodes",471,1, m
n002249,"Domagoj_Vida",310,1, m
n002298,"Drew_Barrymore",546,1, f
n002359,"Edie_Campbell",521,1, f
n002620,"Esmé_Bianco",281,1, f
n002751,"Federico_Franco",340,1, m
n002854,"Francesco_Totti",439,1, m
n003050,"Germaine_Greer",295,1, f
n003080,"Gigi_DAlessio",353,1, m
n003086,"Gilbert_Gottfried",401,1, m
n003109,"Giorgia_Meloni",459,1, f
n003149,"Glynn_Turman",285,1, m
n003762,"James_LaBrie",249,1, m
n003979,"Jennifer_Love_Hewitt",535,1, f
n003982,"Jennifer_Tilly",468,1, f
n004075,"Jill_Kargman",371,1, f
n004091,"Jim_Neidhart",208,1, m
n004225,"John_Pyper-Ferguson",230,1, m
n004370,"José_de_Jesús_Corona",380,1, m
n004406,"Judd_Trump",375,1, m
n004600,"Karun_Chandhok",295,1, m
n004775,"Kieren_Fallon",247,1, m
n004779,"Killer_Mike",296,1, m
n005046,"Lawrence_Bender",374,1, m
n005064,"Lee_Chung-yong",335,1, m
n005132,"Les_Miles",364,1, m
n005153,"Leïla_Bekhti",475,1, f
n005284,"Luana_Piovani",302,1, f
n005418,"Magdalena_Neuner",521,1, f
n005716,"Marta_Etura",369,1, f
n005782,"María_Valverde",522,1, f
n005935,"Melanie_Bernier",216,1, f
n006018,"Michael_Symon",320,1, m
n006161,"Mircea_Badea",338,1, m
n006262,"Muhammadu_Buhari",327,1, m
n006307,"Müjde_Ar",329,1, f
n006547,"Nikita_Willy",456,1, f
n006687,"Ondřej_Vetchý",275,1, m
n006717,"Owodog",213,1, m
n006734,"Pablo_Rago",262,1, m
n006787,"Pastor_Maldonado",300,1, m
n006879,"Paulo_Paim",301,1, m
n006947,"Peter_Sarsgaard",415,1, m
n007034,"Pippa_Middleton",592,1, f
n007035,"Piret_Järvis",382,1, f
n007061,"Praveen_Togadia",273,1, m
n007099,"Quentin_L._Cook",160,1, m
n007151,"Rafael_Sóbis",391,1, m
n007172,"Rainhard_Fendrich",353,1, m
n007340,"Richard_Quest",270,1, m
n007398,"Rob_Kearney",500,1, m
n007471,"Rocio_Muñoz",294,1, f
n007699,"Salvador_Sánchez_Cerén",384,1, m
n007943,"Severin_Freund",307,1, m
n007958,"Shane_Carwin",278,1, m
n008050,"Shweta_Bhardwaj",321,1, f
n008068,"Silje_Nergaard",202,1, f
n008173,"Sophie_Reade",401,1, f
n008205,"Stefano_Accorsi",460,1, m
n008327,"Suso",323,1, m
n008347,"Sylvester_Stallone",349,1, m
n008377,"Tadeusz_Cymański",253,1, m
n008391,"Tamera_Mowry",453,1, f
n008434,"Taylor_Cole",301,1, f
n008505,"Therese_Johaug",372,1, f
n008870,"Victoria_Gotti",399,1, f
n008895,"Viktoria_Komova",310,1, f
n009149,"Yvonne_Zima",325,1, f
n009255,"İlber_Ortaylı",353,1, m